edit_history_tweet_ids,id,text
[1928213700264992927],1928213700264992927,"Rodovias do Estado de S√£o Paulo ter√£o 27 novas passarelas para pedestres, informa governo https://t.co/ESzclkIXc4 #S√£oPaulo #Transit #MetroSP #CPTM #ViaQuatro #ViaMobilidade"
[1928205197140263297],1928205197140263297,"T√° se sentindo s√≥? Vem pra fila da cptm no Tatuap√© ü•¥üòÅüòÅ https://t.co/h2r1oimhHr"
[1928202324528316520],1928202324528316520,"Manifesta√ß√£o interrompe faixa de √¥nibus e complica tr√¢nsito na Avenida Paulista na tarde desta quinta-feira (29) https://t.co/1Fy9Oobsot #S√£oPaulo #Transit #MetroSP #CPTM #ViaQuatro #ViaMobilidade"
[1928201123761971347],1928201123761971347,"Livoltek impulsiona infraestrutura para √¥nibus el√©tricos e anuncia s√©rie de testes pelo Brasil https://t.co/4TLB2v3luP #S√£oPaulo #Transit #MetroSP #CPTM #ViaQuatro #ViaMobilidade"
[1928199885649494159],1928199885649494159,"@NewsLiberdade Achei q o Trump ia ficar sem CPTM e a Telebr√°sü§∑‚Äç‚ôÇÔ∏è"
[1928198963057811598],1928198963057811598,"Esta√ß√£o Suzano da CPTM receber√° mutir√£o de orienta√ß√£o jur√≠dica gratuita nesta sexta https://t.co/zchPvCh7Wn"
[1928198506524684428],1928198506524684428,"SuperVia ter√° viagens extras ap√≥s jogo entre Fluminense e Once Caldas na noite desta quinta-feira (29) https://t.co/Ksue146AAJ #S√£oPaulo #Transit #MetroSP #CPTM #ViaQuatro #ViaMobilidade"
[1928196705993806053],1928196705993806053,"Mds o cara de jaleco na cptm"
[1928195055241621707],1928195055241621707,"@ex__carioca @andreguerra89 @metrosp_oficial √â lament√°vel, mas quando era CPTM era uma maravilha n√©, voce se recorda quando 10 pessoas perderam a vida em Perus, e teve mais de 100 feridos ? Ou voce so critica as empresas privadas e mama os funcionalismo p√∫blico cegamente ?"
[1928190718536728602],1928190718536728602,"A empresa privada ViaMobilidade que tanto transtorno tem causado, por conta da p√©ssima administra√ß√£o, nas linhas 8 e 9 da CPTM foi  premiada por Tarc√≠sio de Freitas. Ela receber√° quase R$ 1,1 bilh√£o do Governo do Estado de S√£o Paulo, para novos investimentos nas linhas 8-Diamante https://t.co/5hfajTlx2T"
[1928190718536728602],1928190718536728602,"Metr√¥ Parada Inglesa completamente lotada essa manh√£. N√£o venham. Situa√ß√£o ca√≥tica j√° antes das 7h. Intervalos irregulares e falta de informa√ß√£o. #MetroSP"
[1928190718536728602],1928190718536728602,"Parada Inglesa: filas at√© a escada da plataforma e trens passando cheios. Quem puder, evite a Linha Azul neste in√≠cio de manh√£. #MetroSP"
[1928190718536728602],1928190718536728602,"Linha 9-Esmeralda travada desde cedo, e ningu√©m explica o motivo. Passageiros est√£o h√° mais de 20 minutos parados entre esta√ß√µes. #ViaMobilidade"
[1928190718536728602],1928190718536728602,"Investimento bilion√°rio anunciado n√£o resolve os problemas di√°rios enfrentados por quem depende da CPTM. Seguimos pagando caro por um servi√ßo ruim. #Transporte"
[1928190718536728602],1928190718536728602,"Esta√ß√£o Pinheiros √†s 7h: plataformas intransit√°veis e sem trens por quase 15 minutos. Indigna√ß√£o geral e falta de suporte aos usu√°rios. #CPTM"
[1928190718536728602],1928190718536728602,"ViaMobilidade continua ignorando reclama√ß√µes de passageiros das linhas 8 e 9. Falta de ar-condicionado, atrasos e superlota√ß√£o s√£o rotina. #CPTM"
[1928190718536728602],1928190718536728602,"Enquanto usu√°rios sofrem com atrasos, governo injeta mais dinheiro na concess√£o. A quem realmente interessa esse investimento? #TransporteP√∫blico"
[1928190718536728602],1928190718536728602,"Usu√°rios relatam que, ap√≥s 8h, os trens estavam ainda mais lotados do que o normal. Qual o plano da gest√£o estadual para resolver isso? #MetroSP"
[1928190718536728602],1928190718536728602,"√â uma humilha√ß√£o di√°ria, diz passageiro sobre situa√ß√£o nas linhas 8 e 9. ViaMobilidade precisa ser cobrada por melhorias urgentes. #CPTM"
